{
  "ProductCD": 0.0,
  "card1": 0.0895284751990202,
  "card2": -0.8417508417508418,
  "card3": 0.0,
  "card4": 0.0,
  "card5": 0.0,
  "card6": 0.0,
  "addr1": -1.0573770491803278,
  "addr2": 0.0,
  "dist1": -7.0,
  "P_emaildomain": 0.0,
  "R_emaildomain": 0.0,
  "C1": 2.5,
  "C3": 0.0,
  "C5": 3.0,
  "C13": 10.181818181818182,
  "D1": 3.43801652892562,
  "D3": 4.75,
  "D4": 3.024390243902439,
  "D5": 17.0,
  "D10": 2.6866666666666665,
  "D11": 6.153846153846154,
  "D15": 1.4223107569721116,
  "M2": 0.0,
  "M3": -1.0,
  "M4": 0.0,
  "M5": 0.0,
  "M6": 0.0,
  "M7": 1.0,
  "M8": 1.0,
  "M9": 0.0,
  "V2": 0.0,
  "V3": 0.0,
  "V4": 0.0,
  "V6": 0.0,
  "V7": 0.0,
  "V8": 0.0,
  "V9": 0.0,
  "V10": 1.0,
  "V12": -1.0,
  "V15": 0.0,
  "V17": 0.0,
  "V19": -1.0,
  "V23": 0.0,
  "V24": 0.0,
  "V25": -1.0,
  "V26": -1.0,
  "V29": 0.0,
  "V35": 0.0,
  "V37": 0.0,
  "V38": 0.0,
  "V39": 0.0,
  "V42": 0.0,
  "V44": 0.0,
  "V46": 0.0,
  "V47": 0.0,
  "V48": 1.0,
  "V53": -1.0,
  "V55": 0.0,
  "V56": 0.0,
  "V59": 0.0,
  "V61": -1.0,
  "V62": -1.0,
  "V66": -1.0,
  "V67": -1.0,
  "V75": -1.0,
  "V77": 0.0,
  "V78": 0.0,
  "V80": 0.0,
  "V82": 0.0,
  "V83": 0.0,
  "V86": 0.0,
  "V87": 0.0,
  "V95": 0.0,
  "V98": 0.0,
  "V99": 1.0,
  "V100": 0.0,
  "V104": 0.0,
  "V109": 0.0,
  "V114": 0.0,
  "V115": 0.0,
  "V116": 0.0,
  "V123": 0.0,
  "V124": 0.0,
  "V125": 0.0,
  "V129": 0.0,
  "V130": 0.8127118773379568,
  "V131": 0.0,
  "V135": 0.0,
  "V136": 0.0,
  "V169": 0.0,
  "V170": 0.0,
  "V171": 0.0,
  "V172": 0.0,
  "V173": 0.0,
  "V174": 0.0,
  "V175": 0.0,
  "V176": 0.0,
  "V180": 0.0,
  "V181": 0.0,
  "V184": 0.0,
  "V185": 0.0,
  "V186": 0.0,
  "V187": 0.0,
  "V188": 0.0,
  "V189": 0.0,
  "V191": 0.0,
  "V194": 0.0,
  "V195": 0.0,
  "V200": 0.0,
  "V205": 0.0,
  "V206": 0.0,
  "V208": 0.0,
  "V209": 0.0,
  "V210": 0.0,
  "V214": 0.0,
  "V215": 0.0,
  "V217": 0.0,
  "V220": 0.0,
  "V221": 0.0,
  "V223": 0.0,
  "V224": 0.0,
  "V226": 0.0,
  "V227": 0.0,
  "V228": 0.0,
  "V229": 0.0,
  "V230": 0.0,
  "V234": 0.0,
  "V235": 0.0,
  "V238": 0.0,
  "V242": 0.0,
  "V245": 0.0,
  "V246": 0.0,
  "V247": 0.0,
  "V248": 0.0,
  "V250": 0.0,
  "V252": 0.0,
  "V255": 0.0,
  "V258": 0.0,
  "V260": 0.0,
  "V261": 0.0,
  "V262": 0.0,
  "V263": 0.0,
  "V264": 0.0,
  "V267": 0.0,
  "V268": 0.0,
  "V270": 0.0,
  "V276": 0.0,
  "V277": 0.0,
  "V281": 0.0,
  "V282": -1.0,
  "V283": -1.0,
  "V284": 0.0,
  "V285": 1.0,
  "V286": 0.0,
  "V287": 0.0,
  "V288": 0.0,
  "V289": 0.0,
  "V290": 0.0,
  "V291": 0.0,
  "V300": 0.0,
  "V302": 0.0,
  "V303": 0.0,
  "V310": 0.4441871432931082,
  "V311": 0.0,
  "V312": 0.0,
  "V313": 0.0,
  "V314": 0.0,
  "V319": 0.0,
  "V320": 0.0,
  "id_01": 0.0,
  "id_02": 0.0,
  "id_03": 0.0,
  "id_04": 0.0,
  "id_05": 0.0,
  "id_06": 0.0,
  "id_09": 0.0,
  "id_10": 0.0,
  "DeviceType": 0.0,
  "TransactionDT": 1.3500349729695156,
  "TransactionAmt": -0.4507768214596163,
  "transaction_hour": -1.2356314515101303,
  "transaction_day": 1.3500349729695154,
  "transaction_day_of_week": -0.194542895559862,
  "transaction_week": 1.3846153846153846,
  "is_night": 1.0,
  "is_weekend": 0.0,
  "is_business_hours": 0.0,
  "is_lunch_hour": 0.0,
  "is_late_night": 1.0,
  "hour_sin": 0.5448655018785963,
  "hour_cos": 0.4734591202840487,
  "day_sin": 0.3324264710924222,
  "day_cos": -0.6532213809098182,
  "hour_bin": -1.0,
  "TransactionAmt_log": -0.7180147212658519,
  "TransactionAmt_sqrt": -0.5741635847779658,
  "TransactionAmt_decimal": 1.0,
  "TransactionAmt_is_round": -1.0,
  "TransactionAmt_is_99cent": 0.0,
  "TransactionAmt_bin": -0.5,
  "card1_count": -0.2794701986754966,
  "card1_mean_amt": 0.1438401362127169,
  "card1_amt_deviation": -0.7297396346913457,
  "card1_fraud_rate": -0.4800921780634635,
  "card2_count": 0.9634590229198656,
  "card2_mean_amt": 0.4781611003120352,
  "card2_amt_deviation": -0.7915078944548535,
  "card2_fraud_rate": -0.1395471463457322,
  "card3_count": 0.0,
  "card3_mean_amt": 0.0,
  "card3_amt_deviation": -0.6805,
  "card3_fraud_rate": 0.0,
  "card4_count": 0.0,
  "card4_mean_amt": 0.0,
  "card4_amt_deviation": -0.4683722147688818,
  "card4_fraud_rate": 0.0,
  "card5_count": 0.0,
  "card5_mean_amt": 0.0,
  "card5_amt_deviation": -0.6398398828022319,
  "card5_fraud_rate": 0.0,
  "card6_count": 0.0,
  "card6_mean_amt": 0.0,
  "card6_amt_deviation": -0.3137710633352702,
  "card6_fraud_rate": 0.0,
  "P_emaildomain_count": 0.0,
  "P_emaildomain_fraud_rate": 0.0,
  "P_emaildomain_is_common": 0.0,
  "R_emaildomain_count": 0.0,
  "R_emaildomain_fraud_rate": 0.0,
  "R_emaildomain_is_common": 0.0,
  "email_domains_match": 0.0,
  "addr_match": 0.0,
  "DeviceType_count": 0.0,
  "DeviceType_fraud_rate": 0.0,
  "ProductCD_count": 0.0,
  "ProductCD_fraud_rate": 0.0,
  "ProductCD_mean_amt": 0.0,
  "card1_TransactionAmt": -0.2996250237433508,
  "card1_hour_freq": -0.2727272727272727,
  "amt_hour": -0.5655240543829615,
  "amt_day_of_week": -0.3424795703217336,
  "V_mean": 0.1037610653227409,
  "V_std": 0.1639673791369627,
  "V_min": 0.0,
  "V_max": 0.1910538009450405,
  "V_range": 0.1910538009450405,
  "V_sum": 0.1037610653227409,
  "V_nonzero_count": -1.1428571428571428,
  "C_sum": 7.933333333333334,
  "C_mean": 7.933333333333334,
  "C_std": 10.24804715108843,
  "C_max": 9.333333333333334,
  "C_min": 0.0,
  "D_mean": 1.88046958377812,
  "D_std": -0.3607718716599867,
  "D_range": 0.0,
  "M_true_count": 1.0,
  "M_false_count": 0.0,
  "M_match_ratio": 0.6249999999999998,
  "TransactionID": 3663549
}